{
  "schema": "v1",
  "enabled": true,
  "name": "Elementalist Hammer Orbs",
  "anchor": {
    "Screen": "BottomCenter"
  },
  "pos": [
    0.0,
    0.0
  ],
  "opacity": 1.0,
  "trigger": {
    "source": "Inherit",
    "threshold": {
      "threshold_type": "Always",
      "amount_type": "Intensity"
    }
  },
  "filter": {
    "player": {
      "combat": null,
      "specs": [],
      "weapons": [],
      "traits": [],
      "mounts": []
    },
    "map": {
      "category": [
        "PvE",
        "Instance",
        "Other"
      ],
      "whitelist": true,
      "ids": []
    }
  },
  "animation": null,
  "layer": 0,
  "elements": [
    {
      "enabled": true,
      "name": "Icons",
      "anchor": "Parent",
      "pos": [
        -298.0,
        -164.0
      ],
      "opacity": 1.0,
      "trigger": {
        "source": "Inherit",
        "threshold": {
          "threshold_type": "Always",
          "amount_type": "Intensity"
        }
      },
      "filter": {
        "player": {
          "combat": null,
          "specs": [],
          "weapons": [],
          "traits": [],
          "mounts": []
        },
        "map": {
          "category": [],
          "whitelist": true,
          "ids": []
        }
      },
      "animation": null,
      "type": "Group",
      "members": [
        {
          "enabled": true,
          "name": "Empty",
          "anchor": "Parent",
          "pos": [
            0.0,
            0.0
          ],
          "opacity": 1.0,
          "trigger": {
            "source": {
              "Ability": [
                62925,
                62865,
                62694,
                62862,
                62747,
                62683
              ]
            },
            "threshold": {
              "threshold_type": "Always",
              "amount_type": "Intensity"
            }
          },
          "filter": {
            "player": {
              "combat": null,
              "specs": [],
              "weapons": [],
              "traits": [],
              "mounts": []
            },
            "map": {
              "category": [],
              "whitelist": true,
              "ids": []
            }
          },
          "animation": null,
          "type": "IconList",
          "layout": "Dynamic",
          "direction": "Right",
          "size": [
            24.0,
            24.0
          ],
          "pad": 8.0,
          "icons": [
            {
              "enabled": true,
              "name": "Fire",
              "trigger": {
                "source": "Inherit",
                "threshold": {
                  "threshold_type": "Present",
                  "amount_type": "Intensity"
                }
              },
              "filter": {
                "player": {
                  "combat": null,
                  "specs": [],
                  "weapons": [],
                  "traits": [],
                  "mounts": []
                },
                "map": {
                  "category": [],
                  "whitelist": true,
                  "ids": []
                }
              },
              "icon": {
                "File": "Elementalist Hammers\\FireEmpty.png"
              },
              "tint": [
                1.0,
                1.0,
                1.0,
                1.0
              ],
              "zoom": 1.0,
              "round": 0.0,
              "border_size": 0.0,
              "border_color": [
                0.0,
                0.0,
                0.0,
                1.0
              ],
              "conditions": [],
              "duration_bar": false,
              "duration_text": false,
              "stacks_text": false
            },
            {
              "enabled": true,
              "name": "Water",
              "trigger": {
                "source": "Inherit",
                "threshold": {
                  "threshold_type": "Present",
                  "amount_type": "Intensity"
                }
              },
              "filter": {
                "player": {
                  "combat": null,
                  "specs": [],
                  "weapons": [],
                  "traits": [],
                  "mounts": []
                },
                "map": {
                  "category": [],
                  "whitelist": true,
                  "ids": []
                }
              },
              "icon": {
                "File": "Elementalist Hammers\\WaterEmpty.png"
              },
              "tint": [
                1.0,
                1.0,
                1.0,
                1.0
              ],
              "zoom": 1.0,
              "round": 0.0,
              "border_size": 0.0,
              "border_color": [
                0.0,
                0.0,
                0.0,
                1.0
              ],
              "conditions": [],
              "duration_bar": false,
              "duration_text": false,
              "stacks_text": false
            },
            {
              "enabled": true,
              "name": "Air",
              "trigger": {
                "source": "Inherit",
                "threshold": {
                  "threshold_type": "Present",
                  "amount_type": "Intensity"
                }
              },
              "filter": {
                "player": {
                  "combat": null,
                  "specs": [],
                  "weapons": [],
                  "traits": [],
                  "mounts": []
                },
                "map": {
                  "category": [],
                  "whitelist": true,
                  "ids": []
                }
              },
              "icon": {
                "File": "Elementalist Hammers\\AirEmpty.png"
              },
              "tint": [
                1.0,
                1.0,
                1.0,
                1.0
              ],
              "zoom": 1.0,
              "round": 0.0,
              "border_size": 0.0,
              "border_color": [
                0.0,
                0.0,
                0.0,
                1.0
              ],
              "conditions": [],
              "duration_bar": false,
              "duration_text": false,
              "stacks_text": false
            },
            {
              "enabled": true,
              "name": "Earth",
              "trigger": {
                "source": "Inherit",
                "threshold": {
                  "threshold_type": "Present",
                  "amount_type": "Intensity"
                }
              },
              "filter": {
                "player": {
                  "combat": null,
                  "specs": [],
                  "weapons": [],
                  "traits": [],
                  "mounts": []
                },
                "map": {
                  "category": [],
                  "whitelist": true,
                  "ids": []
                }
              },
              "icon": {
                "File": "Elementalist Hammers\\EarthEmpty.png"
              },
              "tint": [
                1.0,
                1.0,
                1.0,
                1.0
              ],
              "zoom": 1.0,
              "round": 0.0,
              "border_size": 0.0,
              "border_color": [
                0.0,
                0.0,
                0.0,
                1.0
              ],
              "conditions": [],
              "duration_bar": false,
              "duration_text": false,
              "stacks_text": false
            }
          ]
        },
        {
          "enabled": true,
          "name": "Filled",
          "anchor": "Parent",
          "pos": [
            0.0,
            0.0
          ],
          "opacity": 1.0,
          "trigger": {
            "source": "Inherit",
            "threshold": {
              "threshold_type": "Always",
              "amount_type": "Intensity"
            }
          },
          "filter": {
            "player": {
              "combat": null,
              "specs": [],
              "weapons": [],
              "traits": [],
              "mounts": []
            },
            "map": {
              "category": [],
              "whitelist": true,
              "ids": []
            }
          },
          "animation": null,
          "type": "IconList",
          "layout": "Static",
          "direction": "Right",
          "size": [
            26.0,
            26.0
          ],
          "pad": 6.0,
          "icons": [
            {
              "enabled": true,
              "name": "Fire",
              "trigger": {
                "source": {
                  "Buff": [
                    62931
                  ]
                },
                "threshold": {
                  "threshold_type": "Present",
                  "amount_type": "Intensity"
                }
              },
              "filter": {
                "player": {
                  "combat": null,
                  "specs": [],
                  "weapons": [],
                  "traits": [],
                  "mounts": []
                },
                "map": {
                  "category": [],
                  "whitelist": true,
                  "ids": []
                }
              },
              "icon": {
                "File": "Elementalist Hammers\\FireFilled.png"
              },
              "tint": [
                1.0,
                1.0,
                1.0,
                1.0
              ],
              "zoom": 1.0,
              "round": 0.0,
              "border_size": 0.0,
              "border_color": [
                0.0,
                0.0,
                0.0,
                1.0
              ],
              "conditions": [],
              "duration_bar": false,
              "duration_text": false,
              "stacks_text": false
            },
            {
              "enabled": true,
              "name": "Water",
              "trigger": {
                "source": {
                  "Buff": [
                    62984
                  ]
                },
                "threshold": {
                  "threshold_type": "Present",
                  "amount_type": "Intensity"
                }
              },
              "filter": {
                "player": {
                  "combat": null,
                  "specs": [],
                  "weapons": [],
                  "traits": [],
                  "mounts": []
                },
                "map": {
                  "category": [],
                  "whitelist": true,
                  "ids": []
                }
              },
              "icon": {
                "File": "Elementalist Hammers\\WaterFilled.png"
              },
              "tint": [
                1.0,
                1.0,
                1.0,
                1.0
              ],
              "zoom": 1.0,
              "round": 0.0,
              "border_size": 0.0,
              "border_color": [
                0.0,
                0.0,
                0.0,
                1.0
              ],
              "conditions": [],
              "duration_bar": false,
              "duration_text": false,
              "stacks_text": false
            },
            {
              "enabled": true,
              "name": "Air",
              "trigger": {
                "source": {
                  "Buff": [
                    62707
                  ]
                },
                "threshold": {
                  "threshold_type": "Present",
                  "amount_type": "Intensity"
                }
              },
              "filter": {
                "player": {
                  "combat": null,
                  "specs": [],
                  "weapons": [],
                  "traits": [],
                  "mounts": []
                },
                "map": {
                  "category": [],
                  "whitelist": true,
                  "ids": []
                }
              },
              "icon": {
                "File": "Elementalist Hammers\\AirFilled.png"
              },
              "tint": [
                1.0,
                1.0,
                1.0,
                1.0
              ],
              "zoom": 1.0,
              "round": 0.0,
              "border_size": 0.0,
              "border_color": [
                0.0,
                0.0,
                0.0,
                1.0
              ],
              "conditions": [],
              "duration_bar": false,
              "duration_text": false,
              "stacks_text": false
            },
            {
              "enabled": true,
              "name": "Earth",
              "trigger": {
                "source": {
                  "Buff": [
                    62768
                  ]
                },
                "threshold": {
                  "threshold_type": "Present",
                  "amount_type": "Intensity"
                }
              },
              "filter": {
                "player": {
                  "combat": null,
                  "specs": [],
                  "weapons": [],
                  "traits": [],
                  "mounts": []
                },
                "map": {
                  "category": [],
                  "whitelist": true,
                  "ids": []
                }
              },
              "icon": {
                "File": "Elementalist Hammers\\EarthFilled.png"
              },
              "tint": [
                1.0,
                1.0,
                1.0,
                1.0
              ],
              "zoom": 1.0,
              "round": 0.0,
              "border_size": 0.0,
              "border_color": [
                0.0,
                0.0,
                0.0,
                1.0
              ],
              "conditions": [],
              "duration_bar": false,
              "duration_text": false,
              "stacks_text": false
            }
          ]
        }
      ]
    }
  ]
}